{
    "_comment": "DO NOT EDIT: FILE GENERATED AUTOMATICALLY BY PTERODACTYL PANEL - PTERODACTYL.IO",
    "meta": {
        "version": "PTDL_v2",
        "update_url": null
    },
    "exported_at": "2022-10-20T22:28:04+02:00",
    "name": "PocketmineMP",
    "author": "info@swisscrafting.ch",
    "description": "Pocketmine Egg\r\nby onekintaro from swisscrafting.ch\r\nwith the nice help from #eggs Channel on Pterodactyl-Discord :)",
    "features": null,
    "docker_images": {
        "ghcr.io\/parkervcp\/yolks:debian": "ghcr.io\/parkervcp\/yolks:debian"
    },
    "file_denylist": [],
    "startup": ".\/bin\/php7\/bin\/php .\/PocketMine-MP.phar --no-wizard --disable-ansi",
    "config": {
        "files": "{\r\n    \"server.properties\": {\r\n        \"parser\": \"properties\",\r\n        \"find\": {\r\n            \"server-ip\": \"0.0.0.0\",\r\n            \"enable-query\": \"true\",\r\n            \"server-port\": \"{{server.build.default.port}}\",\r\n            \"query.port\": \"{{server.build.default.port}}\"\r\n        }\r\n    }\r\n}",
        "startup": "{\r\n    \"done\": \")! For help, type \"\r\n}",
        "logs": "{}",
        "stop": "stop"
    },
    "scripts": {
        "installation": {
            "script": "#!\/bin\/bash\r\napt update\r\napt install -y git curl wget jq file tar unzip zip\r\ncd \/mnt\/server\r\nARCH=$([[ \"$(uname -m)\" == \"x86_64\" ]] && echo \"amd64\" || echo \"arm64\")\r\n# Restrict versions to latest pm3 and pm4 for now.\r\nif [[ \"${VERSION}\" == \"pm4\" ]] || [[ \"${VERSION}\" == \"\" ]]; then\r\nDOWNLOAD_LINK=$(curl -ssL https:\/\/update.pmmp.io\/api?channel=stable | grep 'download_url' | cut -d '\"' -f 4)\r\nelse\r\nDOWNLOAD_LINK=\"https:\/\/github.com\/pmmp\/PocketMine-MP\/releases\/download\/${VERSION}\/PocketMine-MP.phar\"\r\nfi\r\necho -e \"Downloading latest PocketMine from ${DOWNLOAD_LINK}\"\r\ncurl -ssL \"${DOWNLOAD_LINK}\" -o PocketMine-MP.phar\r\n\r\nif [[ \"${ARCH}\" == \"amd64\" ]]; then\r\necho -e \"\\n downloading latest php build from PocketMine https:\/\/jenkins.pmmp.io\/job\/PHP-8.0-Aggregate\/lastStableBuild\/artifact\/PHP-8.0-Linux-x86_64.tar.gz\"\r\ncurl -sSL -o php.binary.tar.gz https:\/\/jenkins.pmmp.io\/job\/PHP-8.0-Aggregate\/lastStableBuild\/artifact\/PHP-8.0-Linux-x86_64.tar.gz\r\necho -e \"\\n unpacking php binaries\"\r\ntar -xzvf php.binary.tar.gz\r\necho -e \"\\n removing php packages\"\r\nrm -rf \/mnt\/server\/php.binary.tar.gz\r\necho -e \"\\n configuring PHP extensions library directory\"\r\nEXTENSION_DIR=$(find \"bin\" -name *debug-zts*)\r\ngrep -q '^extension_dir' bin\/php7\/bin\/php.ini && sed -i'bak' \"s{^extension_dir=.*{extension_dir=\\\"$EXTENSION_DIR\\\"{\" bin\/php7\/bin\/php.ini || echo \"extension_dir=\\\"$EXTENSION_DIR\\\"\" >>bin\/php7\/bin\/php.ini\r\nelse\r\napt install -y libtool-bin libtool make autoconf automake m4 gzip bzip2 bison g++ git cmake pkg-config re2c\r\nwget https:\/\/raw.githubusercontent.com\/pmmp\/php-build-scripts\/stable\/compile.sh -O compile.sh\r\nchmod +x compile.sh\r\necho \"please wait, this will take some time\"\r\n.\/compile.sh\r\nrm compile.sh\r\nrm -rf install_data\/\r\necho -e \"\\n configuring PHP extensions library directory\"\r\nEXTENSION_DIR=$(find \"bin\" -name *debug-zts*)\r\ngrep -q '^extension_dir' bin\/php7\/bin\/php.ini && sed -i'bak' \"s{^extension_dir=.*{extension_dir=\\\"$EXTENSION_DIR\\\"{\" bin\/php7\/bin\/php.ini || echo \"extension_dir=\\\"$EXTENSION_DIR\\\"\" >>bin\/php7\/bin\/php.ini\r\nfi\r\nif [[ ! -f server.properties ]]; then\r\necho -e \"\\n downloading default server.properties\"\r\ncurl -sSL https:\/\/raw.githubusercontent.com\/parkervcp\/eggs\/master\/game_eggs\/minecraft\/bedrock\/pocketmine_mp\/server.properties >server.properties\r\nfi\r\necho -e \"\\n creating files and folders\"\r\ntouch banned-ips.txt banned-players.txt ops.txt white-list.txt server.log\r\nmkdir -p players worlds plugins resource_packs\r\necho -e \"\\n\\nInstall script completed. Enjoy!\"",
            "container": "ghcr.io\/pterodactyl\/installers:debian",
            "entrypoint": "bash"
        }
    },
    "variables": [
        {
            "name": "Version to install [pm3 or pm4]",
            "description": "Latest PocketMine version to install. Valid options: pm3 and pm4",
            "env_variable": "VERSION",
            "default_value": "4.0.8",
            "user_viewable": true,
            "user_editable": true,
            "rules": "required|string",
            "field_type": "text"
        }
    ]
}